"year","age_group","variable","sex","OralPAF","EndometriumPAF","PancreasPAF","GallbladderPAF","ColorectumPAF","LiverPAF","KidneyPAF","ThyroidPAF","MultipleMyelomaPAF","BreastPAF"
1995,"50+","Smoking","Men",0.410315639523215,0,0.161959621945081,0,0.13107515315634,0.266720820528881,0,0,0,0
1995,"50+","Smoking","Women",0.378910422707157,0,0.194289862085652,0,0.0736877242760577,0.23221228921471,0,0,0,0
1996,"50+","Smoking","Men",0.416048891067271,0,0.16557233530313,0,0.128880053923753,0.264542762618517,0,0,0,0
1996,"50+","Smoking","Women",0.377528067554272,0,0.193856318510415,0,0.0749333523696525,0.233805527691467,0,0,0,0
1997,"50+","BMI","Men",0,0,0.0408299866131192,0.083847457085318,0.173329641295444,0.216173196733417,0.250377949707841,0.0437231401649628,0.0955623859985737,0
1997,"50+","BMI","Women",0,0.489840666569215,0.0490463215258855,0.224323783699687,0.170114614543206,0.228541744954574,0.291945627916413,0.0341239310325741,0.0919498360826351,0.084398037621009
1997,"50+","Smoking","Men",0.421134161978669,0,0.168396954693074,0,0.132323451152921,0.270124153657089,0,0,0,0
1997,"50+","Smoking","Women",0.368459976515924,0,0.188107251574163,0,0.0730910770138966,0.228229287648101,0,0,0,0
1998,"50+","BMI","Men",0,0,0.0401898051621253,0.0825908733253848,0.175584964151841,0.216602165933637,0.253491395579662,0.0455559368565545,0.0971524797873743,0
1998,"50+","BMI","Women",0,0.494677080315368,0.0505009555800081,0.226486754263877,0.171685225228866,0.232138257265297,0.294638478019567,0.0335814956939999,0.0927051167114918,0.0850851297733779
1998,"50+","Smoking","Men",0.407938560401238,0,0.16067212887099,0,0.129407697626181,0.264030783093652,0,0,0,0
1998,"50+","Smoking","Women",0.374576467282614,0,0.191988212935876,0,0.0743707849502083,0.232049356658684,0,0,0,0
1999,"50+","BMI","Men",0,0,0.0407018553142528,0.0835960953224931,0.172692655941853,0.215501778940869,0.24953728967073,0.0434944717708976,0.0951699439059628,0
1999,"50+","BMI","Women",0,0.50149035632771,0.0518937530742744,0.231141271558709,0.175445163360248,0.237052906571141,0.300166108433407,0.0343246848404005,0.0949110758936432,0.0871256297471539
1999,"50+","Smoking","Men",0.397509969541872,0,0.154968345719791,0,0.123858447488584,0.254640892294395,0,0,0,0
1999,"50+","Smoking","Women",0.365098099112734,0,0.186025812194037,0,0.0725152129817444,0.226337518188894,0,0,0,0
2000,"50+","BMI","Men",0,0,0.0469228627123364,0.0957190321749642,0.18458514503544,0.234601170741526,0.264654538032239,0.0442346896031724,0.101853370510087,0
2000,"50+","BMI","Women",0,0.505074709254915,0.052366082152294,0.234225927615424,0.17803937910199,0.239584036083617,0.303753904802245,0.035322598393427,0.0965304019237375,0.0886304043986
2000,"50+","Smoking","Men",0.391945087787689,0,0.151738110471316,0,0.12398068462754,0.253983288475425,0,0,0,0
2000,"50+","Smoking","Women",0.35260577897589,0,0.177434190355219,0,0.0672633267608012,0.214186486350779,0,0,0,0
2001,"50+","BMI","Men",0,0,0.0468497576736673,0.0955775274009352,0.184534397384741,0.234440583111432,0.264596300220296,0.0442753360354682,0.101833068031016,0
2001,"50+","BMI","Women",0,0.506832330703003,0.0533420164584689,0.23410370015567,0.177727153516643,0.241056066449125,0.303751858729989,0.0341928352691757,0.096142921340693,0.0882576826691983
2001,"50+","Smoking","Men",0.393036837725813,0,0.152252423493633,0,0.125451000605069,0.256229258635436,0,0,0,0
2001,"50+","Smoking","Women",0.3574741003135,0,0.182021039209436,0,0.0734566638181095,0.225726246250837,0,0,0,0
2002,"50+","BMI","Men",0,0,0.0505348008060766,0.10268243015573,0.187461031294358,0.242728649584274,0.268018690918652,0.042422631657117,0.103102897892841,0
2002,"50+","BMI","Women",0,0.499596130735436,0.0515309932785662,0.229777878856796,0.174332802392485,0.235687956067103,0.298555687498274,0.0340552566028408,0.0942481189601684,0.0865116613619608
2002,"50+","Smoking","Men",0.384593866918424,0,0.147854505840344,0,0.119922993261911,0.247111163395058,0,0,0,0
2002,"50+","Smoking","Women",0.348581777816727,0,0.175829252517786,0,0.0693209799257126,0.216468221725439,0,0,0,0
2003,"50+","BMI","Men",0,0,0.0520641400296702,0.10561437142719,0.19045271957299,0.247320402970509,0.271792219023046,0.0426626195366185,0.104815632511613,0
2003,"50+","BMI","Women",0,0.506384206678164,0.0533217169738205,0.233626540531883,0.177314249131355,0.240749399454278,0.303205016063198,0.0339797518473547,0.0958746338828221,0.0880076838891645
2003,"50+","Smoking","Men",0.378900393626899,0,0.14446137678282,0,0.122226248181464,0.249580658137909,0,0,0,0
2003,"50+","Smoking","Women",0.349903759342956,0,0.176854292324334,0,0.0702902627117528,0.218435242006475,0,0,0,0
2004,"50+","BMI","Men",0,0,0.0532810923739661,0.107940483689334,0.1918620232325,0.250304829302126,0.273503812073468,0.0423007711822912,0.105534367988722,0
2004,"50+","BMI","Women",0,0.505702797975662,0.0527548240130563,0.234092460985187,0.17784097439224,0.240121765335229,0.303656392563303,0.0348313757550206,0.0963273335291483,0.0884364937848233
2004,"50+","Smoking","Men",0.366263494881582,0,0.137634432701463,0,0.11997063862395,0.244549761899568,0,0,0,0
2004,"50+","Smoking","Women",0.340199307195876,0,0.171653104687713,0,0.0706653449910376,0.216403503247434,0,0,0,0
2005,"50+","Alcohol","Men",0.378479118492224,0,0,0,0.0802418243096823,0.0901434400402568,0,0,0,0.11842634660429
2005,"50+","Alcohol","Women",0.169042096051085,0,0,0,0.0271127889382249,0.019344613181108,0,0,0,0.0511193678025047
2005,"50+","BMI","Men",0,0,0.049981795036136,0.101619845684306,0.184716159401912,0.23994265681113,0.264438581149136,0.0413961755515124,0.101382401764218,0
2005,"50+","BMI","Women",0,0.513769129258089,0.0555481217515969,0.237383440201024,0.180134282005928,0.246405947839901,0.307794171424367,0.0333890640484892,0.0973201626311758,0.0893302608026731
2005,"50+","Smoking","Men",0.385900778651787,0,0.148666143384097,0,0.119030084928777,0.246024571015264,0,0,0,0
2005,"50+","Smoking","Women",0.328067002395001,0,0.163613516352363,0,0.0658074586824983,0.205004738128087,0,0,0,0
2006,"50+","BMI","Men",0,0,0.055284444612646,0.111756406426797,0.193688704235839,0.254859294736509,0.275665936755863,0.0414187652704342,0.10639035895601,0
2006,"50+","BMI","Women",0,0.518950959592545,0.0572675174527808,0.239794985428459,0.181889094263849,0.250463221868784,0.310771308766302,0.0326908669290029,0.0981603129197762,0.0900941623936425
2006,"50+","Smoking","Men",0.368437879817916,0,0.139224469800955,0,0.114965136395566,0.237612013730737,0,0,0,0
2006,"50+","Smoking","Women",0.331221407304011,0,0.166136676447192,0,0.0684928000413157,0.21036947266642,0,0,0,0
2007,"50+","BMI","Men",0,0,0.0566846358792772,0.114413646842899,0.193908316416387,0.257327693807804,0.275779895557955,0.0401857713692999,0.106280882544794,0
2007,"50+","BMI","Women",0,0.517705625047205,0.0572630346081731,0.23830263142468,0.18057934130057,0.24960650085326,0.309077854294208,0.031946875166816,0.097293582422412,0.089285494332169
2007,"50+","Smoking","Men",0.375782518165038,0,0.143082437294069,0,0.117594847252534,0.242477239779909,0,0,0,0
2007,"50+","Smoking","Women",0.325198853671557,0,0.162528938606648,0,0.0672239138996534,0.20663392766382,0,0,0,0
2008,"50+","BMI","Men",0,0,0.0592513022758586,0.119263785122791,0.197548814977977,0.263930884824043,0.280258299562388,0.0397996333745902,0.108255965150437,0
2008,"50+","BMI","Women",0,0.520668980359469,0.0576530767095324,0.24102371472375,0.182888039258039,0.251761370642485,0.312217302174146,0.0328807386667283,0.0987506517453747,0.0906405706798278
2008,"50+","Fibre","Men",0,0,0,0,0.0633943808572877,0,0,0,0,0
2008,"50+","Fibre","Women",0,0,0,0,0.083246615422088,0,0,0,0,0
2008,"50+","ProcessedMeat","Men",0,0,0,0,0.0573963837790144,0,0,0,0,0
2008,"50+","ProcessedMeat","Women",0,0,0,0,0.0435590659591581,0,0,0,0,0
2008,"50+","RedMeat","Men",0,0,0,0,0.0530502977212365,0,0,0,0,0
2008,"50+","RedMeat","Women",0,0,0,0,0.0451262098233939,0,0,0,0,0
2008,"50+","Smoking","Men",0.352975413905272,0,0.131011406798949,0,0.112960483828395,0.232509116119386,0,0,0,0
2008,"50+","Smoking","Women",0.317582188358082,0,0.15868355183541,0,0.067766065855564,0.20555558518764,0,0,0,0
2008,"50+","fibre_consumption_mean","Men",0,0,0,0,0,0,0,0,0,0
2008,"50+","fibre_consumption_mean","Women",0,0,0,0,0,0,0,0,0,0
2008,"50+","processed_meat_consumption_mean","Men",0,0,0,0,0,0,0,0,0,0
2008,"50+","processed_meat_consumption_mean","Women",0,0,0,0,0,0,0,0,0,0
2008,"50+","redmeat_consumption_mean","Men",0,0,0,0,0,0,0,0,0,0
2008,"50+","redmeat_consumption_mean","Women",0,0,0,0,0,0,0,0,0,0
2009,"50+","BMI","Men",0,0,0.0574563372458061,0.115874727072029,0.197992840539832,0.261278831152296,0.281066272860653,0.0418117487988532,0.108884052664413,0
2009,"50+","BMI","Women",0,0.509734476900558,0.0541016495164106,0.235815627609149,0.179065049907011,0.243237919248825,0.305808552209532,0.0342045911292188,0.0968837465409053,0.0889399138408277
2009,"50+","Fibre","Men",0,0,0,0,0.0728295654280255,0,0,0,0,0
2009,"50+","Fibre","Women",0,0,0,0,0.081834942662256,0,0,0,0,0
2009,"50+","ProcessedMeat","Men",0,0,0,0,0.053780224640177,0,0,0,0,0
2009,"50+","ProcessedMeat","Women",0,0,0,0,0.0410243400128817,0,0,0,0,0
2009,"50+","RedMeat","Men",0,0,0,0,0.0502776745900679,0,0,0,0,0
2009,"50+","RedMeat","Women",0,0,0,0,0.0366537946586175,0,0,0,0,0
2009,"50+","Smoking","Men",0.38247097364598,0,0.146943431190617,0,0.116195449741993,0.241439746968031,0,0,0,0
2009,"50+","Smoking","Women",0.327880439086712,0,0.164566732933301,0,0.0691797469824188,0.210635244324302,0,0,0,0
2009,"50+","fibre_consumption_mean","Men",0,0,0,0,0,0,0,0,0,0
2009,"50+","fibre_consumption_mean","Women",0,0,0,0,0,0,0,0,0,0
2009,"50+","processed_meat_consumption_mean","Men",0,0,0,0,0,0,0,0,0,0
2009,"50+","processed_meat_consumption_mean","Women",0,0,0,0,0,0,0,0,0,0
2009,"50+","redmeat_consumption_mean","Men",0,0,0,0,0,0,0,0,0,0
2009,"50+","redmeat_consumption_mean","Women",0,0,0,0,0,0,0,0,0,0
2010,"50+","BMI","Men",0,0,0.0610788421584209,0.122700916259183,0.202056342991643,0.269826587731414,0.285951272536912,0.0406591456792204,0.110964594760883,0
2010,"50+","BMI","Women",0,0.528646532366963,0.0600545668899897,0.245531832841352,0.186355273903895,0.258021702209825,0.317644809396256,0.0324900324501602,0.100606919886813,0.0923452602217378
2010,"50+","Fibre","Men",0,0,0,0,0.0748145351289969,0,0,0,0,0
2010,"50+","Fibre","Women",0,0,0,0,0.0859999706425879,0,0,0,0,0
2010,"50+","ProcessedMeat","Men",0,0,0,0,0.055985859498147,0,0,0,0,0
2010,"50+","ProcessedMeat","Women",0,0,0,0,0.0411201814450044,0,0,0,0,0
2010,"50+","RedMeat","Men",0,0,0,0,0.0423581404234318,0,0,0,0,0
2010,"50+","RedMeat","Women",0,0,0,0,0.0398786665690801,0,0,0,0,0
2010,"50+","Smoking","Men",0.35753112271638,0,0.133425031621804,0,0.113305563490654,0.233648387034887,0,0,0,0
2010,"50+","Smoking","Women",0.308310312087217,0,0.153224277177222,0,0.0657618363214871,0.199750512305234,0,0,0,0
2010,"50+","fibre_consumption_mean","Men",0,0,0,0,0,0,0,0,0,0
2010,"50+","fibre_consumption_mean","Women",0,0,0,0,0,0,0,0,0,0
2010,"50+","processed_meat_consumption_mean","Men",0,0,0,0,0,0,0,0,0,0
2010,"50+","processed_meat_consumption_mean","Women",0,0,0,0,0,0,0,0,0,0
2010,"50+","redmeat_consumption_mean","Men",0,0,0,0,0,0,0,0,0,0
2010,"50+","redmeat_consumption_mean","Women",0,0,0,0,0,0,0,0,0,0
2011,"50+","Alcohol","Men",0.411205588246511,0,0,0,0.0870565908181172,0.107495992480412,0,0,0,0.129328001545075
2011,"50+","Alcohol","Women",0.226627898635929,0,0,0,0.0365365444693961,0.0314749857254248,0,0,0,0.0692473463234275
2011,"50+","BMI","Men",0,0,0.0574969930452014,0.115951634196463,0.194109064779444,0.258803429033185,0.275942700597659,0.0395097502171696,0.106266236243261,0
2011,"50+","BMI","Women",0,0.531930553381283,0.0610477616481182,0.247450082136926,0.187841238700081,0.260625026801478,0.319943215724937,0.0323599676107858,0.101412179222314,0.0930855186372083
2011,"50+","Fibre","Men",0,0,0,0,0.0661271586304817,0,0,0,0,0
2011,"50+","Fibre","Women",0,0,0,0,0.0762194368114978,0,0,0,0,0
2011,"50+","ProcessedMeat","Men",0,0,0,0,0.058633453012158,0,0,0,0,0
2011,"50+","ProcessedMeat","Women",0,0,0,0,0.032561872580165,0,0,0,0,0
2011,"50+","RedMeat","Men",0,0,0,0,0.0413468578213316,0,0,0,0,0
2011,"50+","RedMeat","Women",0,0,0,0,0.0374802513672917,0,0,0,0,0
2011,"50+","Smoking","Men",0.35610142689125,0,0.132571179254918,0,0.114377416425375,0.235015432154304,0,0,0,0
2011,"50+","Smoking","Women",0.315680164914911,0,0.157702836713306,0,0.0678099875138413,0.20513776359142,0,0,0,0
2011,"50+","fibre_consumption_mean","Men",0,0,0,0,0,0,0,0,0,0
2011,"50+","fibre_consumption_mean","Women",0,0,0,0,0,0,0,0,0,0
2011,"50+","processed_meat_consumption_mean","Men",0,0,0,0,0,0,0,0,0,0
2011,"50+","processed_meat_consumption_mean","Women",0,0,0,0,0,0,0,0,0,0
2011,"50+","redmeat_consumption_mean","Men",0,0,0,0,0,0,0,0,0,0
2011,"50+","redmeat_consumption_mean","Women",0,0,0,0,0,0,0,0,0,0
2012,"50+","Alcohol","Men",0.386664822169395,0,0,0,0.0833793139105383,0.0904978711585534,0,0,0,0.123805420983375
2012,"50+","Alcohol","Women",0.242697380722168,0,0,0,0.0402593905777358,0.0368734590891019,0,0,0,0.0736933458910816
2012,"50+","BMI","Men",0,0,0.058136177484766,0.117159870512134,0.197085530506057,0.261801260363539,0.279787745542455,0.0406194991292541,0.108148770817282,0
2012,"50+","BMI","Women",0,0.514210211674385,0.0557530888368675,0.237455097530061,0.180153965136178,0.246767482498753,0.307904261547011,0.0331981641599198,0.0972948701387889,0.0893042810932713
2012,"50+","Fibre","Men",0,0,0,0,0.0673739888795258,0,0,0,0,0
2012,"50+","Fibre","Women",0,0,0,0,0.0801173043804927,0,0,0,0,0
2012,"50+","ProcessedMeat","Men",0,0,0,0,0.0608015437371899,0,0,0,0,0
2012,"50+","ProcessedMeat","Women",0,0,0,0,0.0388379049942757,0,0,0,0,0
2012,"50+","RedMeat","Men",0,0,0,0,0.0483778596157344,0,0,0,0,0
2012,"50+","RedMeat","Women",0,0,0,0,0.0323804263290431,0,0,0,0,0
2012,"50+","Smoking","Men",0.354043035859577,0,0.1320426515917,0,0.107142042745904,0.224095027705065,0,0,0,0
2012,"50+","Smoking","Women",0.31117117703933,0,0.154086522614346,0,0.0638133029282484,0.197148215549398,0,0,0,0
2012,"50+","fibre_consumption_mean","Men",0,0,0,0,0,0,0,0,0,0
2012,"50+","fibre_consumption_mean","Women",0,0,0,0,0,0,0,0,0,0
2012,"50+","processed_meat_consumption_mean","Men",0,0,0,0,0,0,0,0,0,0
2012,"50+","processed_meat_consumption_mean","Women",0,0,0,0,0,0,0,0,0,0
2012,"50+","redmeat_consumption_mean","Men",0,0,0,0,0,0,0,0,0,0
2012,"50+","redmeat_consumption_mean","Women",0,0,0,0,0,0,0,0,0,0
2013,"50+","Alcohol","Men",0.400348092369466,0,0,0,0.0848164487527931,0.101115329567231,0,0,0,0.125943595838978
2013,"50+","Alcohol","Women",0.225440645305386,0,0,0,0.0361536277343705,0.0299871625312831,0,0,0,0.069602381485457
2013,"50+","BMI","Men",0,0,0.0602775823810013,0.121195616544597,0.199780469632801,0.267053644090212,0.283064834734014,0.0401032762006071,0.109572625388636,0
2013,"50+","BMI","Women",0,0.503424781671652,0.0529907831897764,0.230924823215708,0.175024123885237,0.238671921619502,0.300074607796478,0.0330147286254484,0.0944295219363659,0.0866638564164528
2013,"50+","Fibre","Men",0,0,0,0,0.0728597631539109,0,0,0,0,0
2013,"50+","Fibre","Women",0,0,0,0,0.0817112932268088,0,0,0,0,0
2013,"50+","ProcessedMeat","Men",0,0,0,0,0.0632990485479556,0,0,0,0,0
2013,"50+","ProcessedMeat","Women",0,0,0,0,0.0358911458635844,0,0,0,0,0
2013,"50+","RedMeat","Men",0,0,0,0,0.0478946311934361,0,0,0,0,0
2013,"50+","RedMeat","Women",0,0,0,0,0.0324770280305246,0,0,0,0,0
2013,"50+","Smoking","Men",0.362311752673999,0,0.136393095836558,0,0.108420887584384,0.227164914129229,0,0,0,0
2013,"50+","Smoking","Women",0.310621747043311,0,0.154720001860557,0,0.0667027487017111,0.201951585307983,0,0,0,0
2013,"50+","fibre_consumption_mean","Men",0,0,0,0,0,0,0,0,0,0
2013,"50+","fibre_consumption_mean","Women",0,0,0,0,0,0,0,0,0,0
2013,"50+","processed_meat_consumption_mean","Men",0,0,0,0,0,0,0,0,0,0
2013,"50+","processed_meat_consumption_mean","Women",0,0,0,0,0,0,0,0,0,0
2013,"50+","redmeat_consumption_mean","Men",0,0,0,0,0,0,0,0,0,0
2013,"50+","redmeat_consumption_mean","Women",0,0,0,0,0,0,0,0,0,0
2014,"50+","Alcohol","Men",0.399903682846859,0,0,0,0.0840481885619775,0.101105441762636,0,0,0,0.125536883939492
2014,"50+","Alcohol","Women",0.229262444473176,0,0,0,0.037621328787511,0.0314367621393623,0,0,0,0.0706253373545685
2014,"50+","BMI","Men",0,0,0.0574733986685381,0.115907002377802,0.197472679801843,0.260965920145557,0.280379968521106,0.0414915073722312,0.108530746081274,0
2014,"50+","BMI","Women",0,0.525827684822789,0.0598405256052391,0.242517434575626,0.183742702247875,0.255986281234297,0.314210825848275,0.0311952433090885,0.0989081358034789,0.0907620288003947
2014,"50+","Fibre","Men",0,0,0,0,0.0683870718711553,0,0,0,0,0
2014,"50+","Fibre","Women",0,0,0,0,0.0841559269784663,0,0,0,0,0
2014,"50+","ProcessedMeat","Men",0,0,0,0,0.0625911812774985,0,0,0,0,0
2014,"50+","ProcessedMeat","Women",0,0,0,0,0.0360222538569233,0,0,0,0,0
2014,"50+","RedMeat","Men",0,0,0,0,0.046222027187261,0,0,0,0,0
2014,"50+","RedMeat","Women",0,0,0,0,0.0296677840397922,0,0,0,0,0
2014,"50+","Smoking","Men",0.34316426578651,0,0.126644833522086,0,0.102683351566164,0.21593310439983,0,0,0,0
2014,"50+","Smoking","Women",0.307228916643195,0,0.152108611140618,0,0.0640146252830728,0.196474010761941,0,0,0,0
2014,"50+","fibre_consumption_mean","Men",0,0,0,0,0,0,0,0,0,0
2014,"50+","fibre_consumption_mean","Women",0,0,0,0,0,0,0,0,0,0
2014,"50+","processed_meat_consumption_mean","Men",0,0,0,0,0,0,0,0,0,0
2014,"50+","processed_meat_consumption_mean","Women",0,0,0,0,0,0,0,0,0,0
2014,"50+","redmeat_consumption_mean","Men",0,0,0,0,0,0,0,0,0,0
2014,"50+","redmeat_consumption_mean","Women",0,0,0,0,0,0,0,0,0,0
2015,"50+","Alcohol","Men",0.384097732605867,0,0,0,0.081836985115671,0.0894655032173675,0,0,0,0.122612014543043
2015,"50+","Alcohol","Women",0.236697421614229,0,0,0,0.0388882893954544,0.0342486257007395,0,0,0,0.0723974710497266
2015,"50+","BMI","Men",0,0,0.0624749088163359,0.125317476360126,0.202719635636169,0.272506214536448,0.286647715950092,0.0396773148102922,0.111157638919508,0
2015,"50+","BMI","Women",0,0.519918460691592,0.0582075449240213,0.238889349736751,0.180895221745467,0.251407951397025,0.309875519898351,0.0311886969335681,0.0973254507350567,0.0893041992351137
2015,"50+","Fibre","Men",0,0,0,0,0.0690673043384685,0,0,0,0,0
2015,"50+","Fibre","Women",0,0,0,0,0.0841397110222877,0,0,0,0,0
2015,"50+","ProcessedMeat","Men",0,0,0,0,0.0578574500219441,0,0,0,0,0
2015,"50+","ProcessedMeat","Women",0,0,0,0,0.0277715568576641,0,0,0,0,0
2015,"50+","RedMeat","Men",0,0,0,0,0.0431752239528313,0,0,0,0,0
2015,"50+","RedMeat","Women",0,0,0,0,0.0310222172503225,0,0,0,0,0
2015,"50+","Smoking","Men",0.323658689092051,0,0.11654410851551,0,0.103684676097295,0.214774131169082,0,0,0,0
2015,"50+","Smoking","Women",0.285863729920178,0,0.141514724805179,0,0.0647540831311313,0.192389093592831,0,0,0,0
2015,"50+","fibre_consumption_mean","Men",0,0,0,0,0,0,0,0,0,0
2015,"50+","fibre_consumption_mean","Women",0,0,0,0,0,0,0,0,0,0
2015,"50+","processed_meat_consumption_mean","Men",0,0,0,0,0,0,0,0,0,0
2015,"50+","processed_meat_consumption_mean","Women",0,0,0,0,0,0,0,0,0,0
2015,"50+","redmeat_consumption_mean","Men",0,0,0,0,0,0,0,0,0,0
2015,"50+","redmeat_consumption_mean","Women",0,0,0,0,0,0,0,0,0,0
2016,"50+","Alcohol","Men",0.401370345421686,0,0,0,0.0832577318829323,0.103698410624305,0,0,0,0.124673460202423
2016,"50+","Alcohol","Women",0.240745889620718,0,0,0,0.0398854198821542,0.03598586290998,0,0,0,0.0733017607025453
2016,"50+","BMI","Men",0,0,0.0594265736220038,0.119594011601821,0.197836528058979,0.264404546843851,0.280615089316468,0.0397963826991666,0.108417589538727,0
2016,"50+","BMI","Women",0,0.527087370901961,0.0605034226786067,0.242615151443976,0.183689124050479,0.257060697943353,0.314413148678614,0.0305010917003943,0.0987478491111423,0.0906046745569142
2016,"50+","Fibre","Men",0,0,0,0,0.0637538399296117,0,0,0,0,0
2016,"50+","Fibre","Women",0,0,0,0,0.0848037674366312,0,0,0,0,0
2016,"50+","ProcessedMeat","Men",0,0,0,0,0.0508304370527033,0,0,0,0,0
2016,"50+","ProcessedMeat","Women",0,0,0,0,0.0270730530868286,0,0,0,0,0
2016,"50+","RedMeat","Men",0,0,0,0,0.0451074492247022,0,0,0,0,0
2016,"50+","RedMeat","Women",0,0,0,0,0.0276778127603889,0,0,0,0,0
2016,"50+","Smoking","Men",0.338708782426621,0,0.124420641802365,0,0.101467925056039,0.213491072117337,0,0,0,0
2016,"50+","Smoking","Women",0.286174319630507,0,0.140838951848439,0,0.0622114959777685,0.188028653432913,0,0,0,0
2016,"50+","fibre_consumption_mean","Men",0,0,0,0,0,0,0,0,0,0
2016,"50+","fibre_consumption_mean","Women",0,0,0,0,0,0,0,0,0,0
2016,"50+","processed_meat_consumption_mean","Men",0,0,0,0,0,0,0,0,0,0
2016,"50+","processed_meat_consumption_mean","Women",0,0,0,0,0,0,0,0,0,0
2016,"50+","redmeat_consumption_mean","Men",0,0,0,0,0,0,0,0,0,0
2016,"50+","redmeat_consumption_mean","Women",0,0,0,0,0,0,0,0,0,0
2017,"50+","Alcohol","Men",0.382107184596563,0,0,0,0.0774319592109853,0.0932877087945375,0,0,0,0.118191974064461
2017,"50+","Alcohol","Women",0.230429447578908,0,0,0,0.0367553804062599,0.0326258200526622,0,0,0,0.0702508624329669
2017,"50+","BMI","Men",0,0,0.0626209139004556,0.125590671840735,0.199771370397925,0.270847604769402,0.282760639270564,0.0377860408491422,0.109134839620853,0
2017,"50+","BMI","Women",0,0.532823781166348,0.0617524577688659,0.247031875494606,0.187324234213133,0.261461941493589,0.31956852687524,0.0313541607221084,0.100934813555968,0.0926315717540232
2017,"50+","Fibre","Men",0,0,0,0,0.0661363639382108,0,0,0,0,0
2017,"50+","Fibre","Women",0,0,0,0,0.0821488747296512,0,0,0,0,0
2017,"50+","ProcessedMeat","Men",0,0,0,0,0.0454940170012805,0,0,0,0,0
2017,"50+","ProcessedMeat","Women",0,0,0,0,0.0281569605463573,0,0,0,0,0
2017,"50+","RedMeat","Men",0,0,0,0,0.039510617559838,0,0,0,0,0
2017,"50+","RedMeat","Women",0,0,0,0,0.0261617534945495,0,0,0,0,0
2017,"50+","Smoking","Men",0.334919135495756,0,0.122562196283831,0,0.100208544708123,0.211073083265961,0,0,0,0
2017,"50+","Smoking","Women",0.288630823928196,0,0.142184220178421,0,0.0625695739574563,0.1892640474878,0,0,0,0
2017,"50+","fibre_consumption_mean","Men",0,0,0,0,0,0,0,0,0,0
2017,"50+","fibre_consumption_mean","Women",0,0,0,0,0,0,0,0,0,0
2017,"50+","processed_meat_consumption_mean","Men",0,0,0,0,0,0,0,0,0,0
2017,"50+","processed_meat_consumption_mean","Women",0,0,0,0,0,0,0,0,0,0
2017,"50+","redmeat_consumption_mean","Men",0,0,0,0,0,0,0,0,0,0
2017,"50+","redmeat_consumption_mean","Women",0,0,0,0,0,0,0,0,0,0
2018,"50+","Alcohol","Men",0.388601307812484,0,0,0,0.0801589535827507,0.0952973172369703,0,0,0,0.121417158443414
2018,"50+","Alcohol","Women",0.237249599982414,0,0,0,0.0384203614643004,0.0347170584783235,0,0,0,0.0722740785608132
2018,"50+","Fibre","Men",0,0,0,0,0.0693502186655365,0,0,0,0,0
2018,"50+","Fibre","Women",0,0,0,0,0.0798847851877271,0,0,0,0,0
2018,"50+","ProcessedMeat","Men",0,0,0,0,0.0547799116658417,0,0,0,0,0
2018,"50+","ProcessedMeat","Women",0,0,0,0,0.0293180595420886,0,0,0,0,0
2018,"50+","RedMeat","Men",0,0,0,0,0.030327166717719,0,0,0,0,0
2018,"50+","RedMeat","Women",0,0,0,0,0.0306998054822367,0,0,0,0,0
2018,"50+","Smoking","Men",0.313564072459056,0,0.111827473538639,0,0.0996092908293198,0.207289663002258,0,0,0,0
2018,"50+","Smoking","Women",0.296388721490929,0,0.146707751487339,0,0.064462937803567,0.194492168130245,0,0,0,0
2018,"50+","fibre_consumption_mean","Men",0,0,0,0,0,0,0,0,0,0
2018,"50+","fibre_consumption_mean","Women",0,0,0,0,0,0,0,0,0,0
2018,"50+","processed_meat_consumption_mean","Men",0,0,0,0,0,0,0,0,0,0
2018,"50+","processed_meat_consumption_mean","Women",0,0,0,0,0,0,0,0,0,0
2018,"50+","redmeat_consumption_mean","Men",0,0,0,0,0,0,0,0,0,0
2018,"50+","redmeat_consumption_mean","Women",0,0,0,0,0,0,0,0,0,0
2019,"50+","Alcohol","Men",0.400869539391203,0,0,0,0.0847141543958473,0.102143222757907,0,0,0,0.125597328527335
2019,"50+","Alcohol","Women",0.235978996709562,0,0,0,0.03892055640925,0.0334299711206744,0,0,0,0.0725969107073624
2019,"50+","Smoking","Men",0.313020557831841,0,0.111637947377282,0,0.0986275369483648,0.205727359363007,0,0,0,0
2019,"50+","Smoking","Women",0.275806687083431,0,0.134866910416474,0,0.0596616425978736,0.180987725783624,0,0,0,0
1995,"20-49","Smoking","Men",0.482009258822357,0,0.210200247811663,0,0.0985524833145531,0.234040243897712,0,0,0,0
1995,"20-49","Smoking","Women",0.450183312036495,0,0.238643316631112,0,0.0745226374094674,0.2563218297972,0,0,0,0
1996,"20-49","Smoking","Men",0.49053392351492,0,0.216021708352997,0,0.100044693040075,0.237996582738625,0,0,0,0
1996,"20-49","Smoking","Women",0.460550316296037,0,0.245806935512184,0,0.0754706277057547,0.261417091489887,0,0,0,0
1997,"20-49","BMI","Men",0,0,0.029352901934623,0.0610480123902941,0.143477054267477,0.173734743298003,0.211137789481837,0.0385296158366492,0.0784973671353346,0
1997,"20-49","BMI","Women",0,0.389947618259389,0.0320257561636872,0.164411614130037,0.122827221915116,0.16431993563252,0.218755342209093,0.025486616967195,0.0650802353461045,0
1997,"20-49","Smoking","Men",0.473804906501289,0,0.204806569480544,0,0.0954627451484495,0.227902315561554,0,0,0,0
1997,"20-49","Smoking","Women",0.457867976185303,0,0.244076834514937,0,0.0757479218219805,0.260872141248963,0,0,0,0
1998,"20-49","BMI","Men",0,0,0.0311181723552294,0.0645925675175341,0.1441844709526,0.177650316547666,0.211870298406361,0.037260233703241,0.0786183182244452,0
1998,"20-49","BMI","Women",0,0.405028110244705,0.0349995212103802,0.170845692141238,0.127538277066659,0.173482547994808,0.226991441485496,0.0250332567420486,0.0674399827877784,0
1998,"20-49","Smoking","Men",0.475378277658046,0,0.205786142147075,0,0.0967857263640009,0.23011983692295,0,0,0,0
1998,"20-49","Smoking","Women",0.457000257818467,0,0.243220338983051,0,0.0746881087578232,0.258978967615804,0,0,0,0
1999,"20-49","BMI","Men",0,0,0.0355826807922617,0.0734953287570458,0.150522365351456,0.190633576868066,0.220012386668964,0.0363982580381643,0.0818144442921749,0
1999,"20-49","BMI","Women",0,0.40378981487253,0.0343260979303381,0.171370033309798,0.128132206696017,0.172574275840293,0.227507672427717,0.0259822915128587,0.0679386486328467,0
1999,"20-49","Smoking","Men",0.470037288235121,0,0.202280461395678,0,0.095324254832873,0.226911199722459,0,0,0,0
1999,"20-49","Smoking","Women",0.457203034993783,0,0.243501326259947,0,0.0752469682886232,0.259887201134909,0,0,0,0
2000,"20-49","BMI","Men",0,0,0.0383521110731764,0.0789739006272789,0.156720290607161,0.200128736676701,0.228151903359138,0.0370754442842736,0.0852651919048676,0
2000,"20-49","BMI","Women",0,0.401342240838977,0.0340404538727183,0.169804280723178,0.126882909557912,0.171143255061826,0.225581901239939,0.0256185679877381,0.0672148407166915,0
2000,"20-49","Smoking","Men",0.480823225675241,0,0.209598348671196,0,0.0952186390867517,0.229059183759071,0,0,0,0
2000,"20-49","Smoking","Women",0.44224291658411,0,0.232447171097478,0,0.0708037629971943,0.247904351601376,0,0,0,0
2001,"20-49","BMI","Men",0,0,0.0376431097524426,0.0775745179601498,0.159322850395597,0.200633319475321,0.231810830725653,0.0391319570167905,0.087068269438537,0
2001,"20-49","BMI","Women",0,0.432352501247699,0.040214342948718,0.184379581614175,0.137775898215716,0.190585194445383,0.243979747414679,0.0252895777441544,0.0728624193622513,0
2001,"20-49","Smoking","Men",0.46277892076456,0,0.197601171520885,0,0.0930515452541532,0.222142353357384,0,0,0,0
2001,"20-49","Smoking","Women",0.446093601970568,0,0.235649915459569,0,0.073383386831267,0.253172102529166,0,0,0,0
2002,"20-49","BMI","Men",0,0,0.0393661797474623,0.0809716119710554,0.158013519525189,0.202896689864154,0.229784319758613,0.0368085594950693,0.0859081431920182,0
2002,"20-49","BMI","Women",0,0.436445711570444,0.0404530744336569,0.187893727745823,0.140704245761484,0.193032591685378,0.248177496038035,0.0265922521339462,0.074666458609659,0
2002,"20-49","Smoking","Men",0.469869564128884,0,0.202335546451947,0,0.0927300577353599,0.223160279368806,0,0,0,0
2002,"20-49","Smoking","Women",0.460225924969295,0,0.245310830231787,0,0.0743963012008443,0.259698384927922,0,0,0,0
2003,"20-49","BMI","Men",0,0,0.0391911455086012,0.0806271135629701,0.157054372844065,0.201909936032692,0.228494344885933,0.0364610820685726,0.0853242699752577,0
2003,"20-49","BMI","Women",0,0.429995341547812,0.0396084903398827,0.183518918520761,0.137183078454453,0.189027878639521,0.24286139950753,0.025567336726149,0.0726042909452822,0
2003,"20-49","Smoking","Men",0.467738808108681,0,0.201085977769264,0,0.0900248640797708,0.218817057137972,0,0,0,0
2003,"20-49","Smoking","Women",0.438084889043799,0,0.229371413136763,0,0.0694058952877332,0.244316636585666,0,0,0,0
2004,"20-49","BMI","Men",0,0,0.0407614497280263,0.0837130135527193,0.161607280455144,0.207935457905622,0.234505286456766,0.0374185845202226,0.0879649673148777,0
2004,"20-49","BMI","Women",0,0.437792324290242,0.0407550877132796,0.188514302188927,0.141163813895617,0.193916057334518,0.248959130801596,0.0265411041611602,0.074899771625474,0
2004,"20-49","Smoking","Men",0.44675483796987,0,0.187540567990886,0,0.0879342130092739,0.211461268761976,0,0,0,0
2004,"20-49","Smoking","Women",0.421749420366895,0,0.21874174461183,0,0.0686686644424225,0.237628786509949,0,0,0,0
2005,"20-49","Alcohol","Men",0.421937058849243,0,0,0,0.0952497740021572,0.109634957544405,0,0,0,0.136532511472948
2005,"20-49","Alcohol","Women",0.245865713486826,0,0,0,0.0447241488136305,0.0359991780090236,0,0,0,0.0764390449489609
2005,"20-49","BMI","Men",0,0,0.0408645028133085,0.0839151571947592,0.160695251800535,0.207494696445373,0.233246385163399,0.0368292849821853,0.0873574436196221,0
2005,"20-49","BMI","Women",0,0.443091809570531,0.0425051119042578,0.189645429369237,0.141733394435329,0.197596132733837,0.250573729098902,0.0251397722620998,0.0749269431535782,0
2005,"20-49","Smoking","Men",0.464936142444837,0,0.199110454664703,0,0.0917778938802266,0.220755234367646,0,0,0,0
2005,"20-49","Smoking","Women",0.438309246056145,0,0.229732196144157,0,0.0702140470115363,0.245636893858459,0,0,0,0
2006,"20-49","BMI","Men",0,0,0.0419202053533465,0.0859833365173555,0.164618339246206,0.212111664154698,0.238449425580338,0.0379486706441964,0.0896977455093752,0
2006,"20-49","BMI","Women",0,0.43487936969517,0.040557016571463,0.186069382850472,0.139132063691628,0.192158697601195,0.246036242073746,0.0256668950037434,0.0736529654691854,0
2006,"20-49","Smoking","Men",0.447090822440965,0,0.187835306537287,0,0.086715820405975,0.209744393024153,0,0,0,0
2006,"20-49","Smoking","Women",0.405312999001133,0,0.207811099004122,0,0.066004449968582,0.228037267509348,0,0,0,0
2007,"20-49","BMI","Men",0,0,0.0408006339597756,0.0837898807226832,0.156791536336022,0.204691243138649,0.227911660937672,0.0347921943807118,0.0848564218390717,0
2007,"20-49","BMI","Women",0,0.440775314309928,0.0415807209981487,0.189527570105221,0.141840350181197,0.195931512495159,0.250287312899116,0.0260960233213913,0.0751709839434757,0
2007,"20-49","Smoking","Men",0.439449038726605,0,0.18302688254863,0,0.086252225823277,0.207544350532839,0,0,0,0
2007,"20-49","Smoking","Women",0.406402628470229,0,0.208289682098875,0,0.0653288112128084,0.227312232288256,0,0,0,0
2008,"20-49","BMI","Men",0,0,0.0407709695268287,0.0837316890199978,0.160007349390585,0.206849969740278,0.232319342426987,0.0365476386983016,0.0869312711909399,0
2008,"20-49","BMI","Women",0,0.444479052162884,0.0426731121000021,0.190659254376107,0.142558715779246,0.198468544687754,0.251796033578408,0.025411823542274,0.0754180891770276,0
2008,"20-49","Fibre","Men",0,0,0,0,0.0728949617174409,0,0,0,0,0
2008,"20-49","Fibre","Women",0,0,0,0,0.0822388407108441,0,0,0,0,0
2008,"20-49","ProcessedMeat","Men",0,0,0,0,0.0769938768443,0,0,0,0,0
2008,"20-49","ProcessedMeat","Women",0,0,0,0,0.0414782112010759,0,0,0,0,0
2008,"20-49","RedMeat","Men",0,0,0,0,0.0486036179335424,0,0,0,0,0
2008,"20-49","RedMeat","Women",0,0,0,0,0.0374273554643369,0,0,0,0,0
2008,"20-49","Smoking","Men",0.448308610409484,0,0.188614350837004,0,0.0867027129611274,0.20997039542563,0,0,0,0
2008,"20-49","Smoking","Women",0.397595362841923,0,0.202752681186248,0,0.0646882992426941,0.223457326685635,0,0,0,0
2008,"20-49","fibre_consumption_mean","Men",0,0,0,0,0,0,0,0,0,0
2008,"20-49","fibre_consumption_mean","Women",0,0,0,0,0,0,0,0,0,0
2008,"20-49","processed_meat_consumption_mean","Men",0,0,0,0,0,0,0,0,0,0
2008,"20-49","processed_meat_consumption_mean","Women",0,0,0,0,0,0,0,0,0,0
2008,"20-49","redmeat_consumption_mean","Men",0,0,0,0,0,0,0,0,0,0
2008,"20-49","redmeat_consumption_mean","Women",0,0,0,0,0,0,0,0,0,0
2009,"20-49","BMI","Men",0,0,0.0354261991191907,0.0731847710920795,0.152141374810962,0.191476048250767,0.222265563178789,0.0373980464272437,0.082875920989621,0
2009,"20-49","BMI","Women",0,0.439300602294699,0.0416348622784464,0.187899833150427,0.140444310824028,0.19508696763808,0.248373775465602,0.0253084248109884,0.0742768562208832,0
2009,"20-49","Fibre","Men",0,0,0,0,0.0711536867368109,0,0,0,0,0
2009,"20-49","Fibre","Women",0,0,0,0,0.0898792638946611,0,0,0,0,0
2009,"20-49","ProcessedMeat","Men",0,0,0,0,0.0645102666240068,0,0,0,0,0
2009,"20-49","ProcessedMeat","Women",0,0,0,0,0.0458479940964293,0,0,0,0,0
2009,"20-49","RedMeat","Men",0,0,0,0,0.0480252735406551,0,0,0,0,0
2009,"20-49","RedMeat","Women",0,0,0,0,0.0300415776377258,0,0,0,0,0
2009,"20-49","Smoking","Men",0.429994406085316,0,0.177297779197646,0,0.08395232632224,0.202304171909162,0,0,0,0
2009,"20-49","Smoking","Women",0.398183289873154,0,0.203204800992441,0,0.0650324255662656,0.224197655006163,0,0,0,0
2009,"20-49","fibre_consumption_mean","Men",0,0,0,0,0,0,0,0,0,0
2009,"20-49","fibre_consumption_mean","Women",0,0,0,0,0,0,0,0,0,0
2009,"20-49","processed_meat_consumption_mean","Men",0,0,0,0,0,0,0,0,0,0
2009,"20-49","processed_meat_consumption_mean","Women",0,0,0,0,0,0,0,0,0,0
2009,"20-49","redmeat_consumption_mean","Men",0,0,0,0,0,0,0,0,0,0
2009,"20-49","redmeat_consumption_mean","Women",0,0,0,0,0,0,0,0,0,0
2010,"20-49","BMI","Men",0,0,0.0466178029978549,0.0951283979907962,0.169700482511643,0.22397766943704,0.24471377974947,0.0362411895802209,0.0921312659814651,0
2010,"20-49","BMI","Women",0,0.455503597371623,0.0452308961621414,0.195948162806008,0.14649886204747,0.205877338173779,0.258420267738598,0.0250027789870803,0.0774348279298072,0
2010,"20-49","Fibre","Men",0,0,0,0,0.0736901481487139,0,0,0,0,0
2010,"20-49","Fibre","Women",0,0,0,0,0.0867537216509141,0,0,0,0,0
2010,"20-49","ProcessedMeat","Men",0,0,0,0,0.0616872591850535,0,0,0,0,0
2010,"20-49","ProcessedMeat","Women",0,0,0,0,0.0393701967615343,0,0,0,0,0
2010,"20-49","RedMeat","Men",0,0,0,0,0.0475894335653068,0,0,0,0,0
2010,"20-49","RedMeat","Women",0,0,0,0,0.0255461274940948,0,0,0,0,0
2010,"20-49","Smoking","Men",0.42671461671134,0,0.175193605976713,0,0.0852814850503841,0.203649408207756,0,0,0,0
2010,"20-49","Smoking","Women",0.3749444250925,0,0.18878104373047,0,0.0627190455260848,0.213218890344329,0,0,0,0
2010,"20-49","fibre_consumption_mean","Men",0,0,0,0,0,0,0,0,0,0
2010,"20-49","fibre_consumption_mean","Women",0,0,0,0,0,0,0,0,0,0
2010,"20-49","processed_meat_consumption_mean","Men",0,0,0,0,0,0,0,0,0,0
2010,"20-49","processed_meat_consumption_mean","Women",0,0,0,0,0,0,0,0,0,0
2010,"20-49","redmeat_consumption_mean","Men",0,0,0,0,0,0,0,0,0,0
2010,"20-49","redmeat_consumption_mean","Women",0,0,0,0,0,0,0,0,0,0
2011,"20-49","Alcohol","Men",0.377013817280277,0,0,0,0.0793564905976331,0.0869255726444051,0,0,0,0.119453671180544
2011,"20-49","Alcohol","Women",0.261138018717804,0,0,0,0.0445751313472325,0.0412794482140938,0,0,0,0.0802320134760715
2011,"20-49","BMI","Men",0,0,0.0393542223659925,0.0809480819472724,0.155367398362444,0.20104358271843,0.226157012882865,0.0354056765984083,0.0842114126225353,0
2011,"20-49","BMI","Women",0,0.450955745935391,0.0435587723878163,0.195208007349567,0.146239248930656,0.202603960875289,0.257288751061965,0.0264997451405138,0.077588184512107,0
2011,"20-49","Fibre","Men",0,0,0,0,0.0753225275306967,0,0,0,0,0
2011,"20-49","Fibre","Women",0,0,0,0,0.094491710849228,0,0,0,0,0
2011,"20-49","ProcessedMeat","Men",0,0,0,0,0.067399670953784,0,0,0,0,0
2011,"20-49","ProcessedMeat","Women",0,0,0,0,0.0441240884869012,0,0,0,0,0
2011,"20-49","RedMeat","Men",0,0,0,0,0.0448246989284894,0,0,0,0,0
2011,"20-49","RedMeat","Women",0,0,0,0,0.0332894202781483,0,0,0,0,0
2011,"20-49","Smoking","Men",0.441716403401639,0,0.184410105825804,0,0.0869251687497903,0.208980861099504,0,0,0,0
2011,"20-49","Smoking","Women",0.382152006643223,0,0.19292736886675,0,0.0624961185492676,0.215059476282857,0,0,0,0
2011,"20-49","fibre_consumption_mean","Men",0,0,0,0,0,0,0,0,0,0
2011,"20-49","fibre_consumption_mean","Women",0,0,0,0,0,0,0,0,0,0
2011,"20-49","processed_meat_consumption_mean","Men",0,0,0,0,0,0,0,0,0,0
2011,"20-49","processed_meat_consumption_mean","Women",0,0,0,0,0,0,0,0,0,0
2011,"20-49","redmeat_consumption_mean","Men",0,0,0,0,0,0,0,0,0,0
2011,"20-49","redmeat_consumption_mean","Women",0,0,0,0,0,0,0,0,0,0
2012,"20-49","Alcohol","Men",0.384323506922281,0,0,0,0.0811482360256164,0.0906357694737462,0,0,0,0.121892082561274
2012,"20-49","Alcohol","Women",0.263579720758792,0,0,0,0.0437296500042908,0.0447596346056895,0,0,0,0.0790445595074087
2012,"20-49","BMI","Men",0,0,0.0408061195970352,0.0838006412940304,0.160703421910884,0.207393785261474,0.233265513186418,0.0368890760809554,0.0873735243079853,0
2012,"20-49","BMI","Women",0,0.450837370513086,0.0443065451964314,0.193283851045161,0.144430043662527,0.202777237927804,0.255145111277458,0.0248070701126735,0.0762945102307172,0
2012,"20-49","Fibre","Men",0,0,0,0,0.0688362403556457,0,0,0,0,0
2012,"20-49","Fibre","Women",0,0,0,0,0.0878410386690412,0,0,0,0,0
2012,"20-49","ProcessedMeat","Men",0,0,0,0,0.0621512964786819,0,0,0,0,0
2012,"20-49","ProcessedMeat","Women",0,0,0,0,0.0377567949403032,0,0,0,0,0
2012,"20-49","RedMeat","Men",0,0,0,0,0.0475836271975509,0,0,0,0,0
2012,"20-49","RedMeat","Women",0,0,0,0,0.0291415898063819,0,0,0,0,0
2012,"20-49","Smoking","Men",0.421838649791722,0,0.172401173572335,0,0.0826553575397607,0.198817338060775,0,0,0,0
2012,"20-49","Smoking","Women",0.362419483504916,0,0.180866457689663,0,0.0602701853962893,0.205401072756191,0,0,0,0
2012,"20-49","fibre_consumption_mean","Men",0,0,0,0,0,0,0,0,0,0
2012,"20-49","fibre_consumption_mean","Women",0,0,0,0,0,0,0,0,0,0
2012,"20-49","processed_meat_consumption_mean","Men",0,0,0,0,0,0,0,0,0,0
2012,"20-49","processed_meat_consumption_mean","Women",0,0,0,0,0,0,0,0,0,0
2012,"20-49","redmeat_consumption_mean","Men",0,0,0,0,0,0,0,0,0,0
2012,"20-49","redmeat_consumption_mean","Women",0,0,0,0,0,0,0,0,0,0
2013,"20-49","Alcohol","Men",0.369429580012184,0,0,0,0.0768282997951338,0.0834097350041485,0,0,0,0.116681083954451
2013,"20-49","Alcohol","Women",0.239439627996267,0,0,0,0.0401594985237095,0.0333112649011778,0,0,0,0.0744469753692808
2013,"20-49","BMI","Men",0,0,0.0446108077191399,0.091232773711561,0.163575127241465,0.216250622096601,0.236664153869622,0.0348133552395586,0.08852317942348,0
2013,"20-49","BMI","Women",0,0.447321998174631,0.0424542565701111,0.194106397297073,0.145545008016443,0.200078863968403,0.255820340082666,0.0272056846085754,0.0773563520633457,0
2013,"20-49","Fibre","Men",0,0,0,0,0.0773212683348229,0,0,0,0,0
2013,"20-49","Fibre","Women",0,0,0,0,0.0902811647738903,0,0,0,0,0
2013,"20-49","ProcessedMeat","Men",0,0,0,0,0.0752247377796119,0,0,0,0,0
2013,"20-49","ProcessedMeat","Women",0,0,0,0,0.0362268042352538,0,0,0,0,0
2013,"20-49","RedMeat","Men",0,0,0,0,0.0369806950557542,0,0,0,0,0
2013,"20-49","RedMeat","Women",0,0,0,0,0.0274319875845104,0,0,0,0,0
2013,"20-49","Smoking","Men",0.445849409481752,0,0.18669933300284,0,0.0919086476055216,0.217080988727718,0,0,0,0
2013,"20-49","Smoking","Women",0.365508047273741,0,0.183027155488715,0,0.0616269527164837,0.208578373969761,0,0,0,0
2013,"20-49","fibre_consumption_mean","Men",0,0,0,0,0,0,0,0,0,0
2013,"20-49","fibre_consumption_mean","Women",0,0,0,0,0,0,0,0,0,0
2013,"20-49","processed_meat_consumption_mean","Men",0,0,0,0,0,0,0,0,0,0
2013,"20-49","processed_meat_consumption_mean","Women",0,0,0,0,0,0,0,0,0,0
2013,"20-49","redmeat_consumption_mean","Men",0,0,0,0,0,0,0,0,0,0
2013,"20-49","redmeat_consumption_mean","Women",0,0,0,0,0,0,0,0,0,0
2014,"20-49","Alcohol","Men",0.370927798924235,0,0,0,0.0764102971676942,0.0855160949456152,0,0,0,0.116168457578693
2014,"20-49","Alcohol","Women",0.236677798408876,0,0,0,0.0383956332165931,0.0338820573766388,0,0,0,0.0725412934455836
2014,"20-49","BMI","Men",0,0,0.0409690800968211,0.0841202438489517,0.154430311836772,0.203380003916738,0.224644092950962,0.0333674218689013,0.083309614308382,0
2014,"20-49","BMI","Women",0,0.4632789935062,0.0465938913664136,0.200948156403851,0.150476322581852,0.211040485112346,0.264487802164907,0.0257961541592418,0.0797152076882057,0
2014,"20-49","Fibre","Men",0,0,0,0,0.07410287783969,0,0,0,0,0
2014,"20-49","Fibre","Women",0,0,0,0,0.0863011722237952,0,0,0,0,0
2014,"20-49","ProcessedMeat","Men",0,0,0,0,0.0595595053472315,0,0,0,0,0
2014,"20-49","ProcessedMeat","Women",0,0,0,0,0.0424917856544923,0,0,0,0,0
2014,"20-49","RedMeat","Men",0,0,0,0,0.0384247225286211,0,0,0,0,0
2014,"20-49","RedMeat","Women",0,0,0,0,0.0355554593895003,0,0,0,0,0
2014,"20-49","Smoking","Men",0.426264863492995,0,0.174862845771545,0,0.0861001183360446,0.204778156087603,0,0,0,0
2014,"20-49","Smoking","Women",0.355788073279871,0,0.176476676375353,0,0.0581200873471279,0.199831317642396,0,0,0,0
2014,"20-49","fibre_consumption_mean","Men",0,0,0,0,0,0,0,0,0,0
2014,"20-49","fibre_consumption_mean","Women",0,0,0,0,0,0,0,0,0,0
2014,"20-49","processed_meat_consumption_mean","Men",0,0,0,0,0,0,0,0,0,0
2014,"20-49","processed_meat_consumption_mean","Women",0,0,0,0,0,0,0,0,0,0
2014,"20-49","redmeat_consumption_mean","Men",0,0,0,0,0,0,0,0,0,0
2014,"20-49","redmeat_consumption_mean","Women",0,0,0,0,0,0,0,0,0,0
2015,"20-49","Alcohol","Men",0.349798839710788,0,0,0,0.0703850267383982,0.0742774722390098,0,0,0,0.109899051386479
2015,"20-49","Alcohol","Women",0.225610279104013,0,0,0,0.0354749192325715,0.0299051061727479,0,0,0,0.0696190471797561
2015,"20-49","BMI","Men",0,0,0.0436270355410971,0.0893169953244961,0.16212726190822,0.213492675379828,0.234823900182294,0.0349697344302132,0.087769312032254,0
2015,"20-49","BMI","Women",0,0.468717730975831,0.0480753735865414,0.203293214888387,0.152160699934704,0.214862397503725,0.267454357574925,0.0252461266945826,0.0805120585777214,0
2015,"20-49","Fibre","Men",0,0,0,0,0.0683053692454626,0,0,0,0,0
2015,"20-49","Fibre","Women",0,0,0,0,0.0869856293387544,0,0,0,0,0
2015,"20-49","ProcessedMeat","Men",0,0,0,0,0.0564514647019747,0,0,0,0,0
2015,"20-49","ProcessedMeat","Women",0,0,0,0,0.0373692766510694,0,0,0,0,0
2015,"20-49","RedMeat","Men",0,0,0,0,0.0445287481161043,0,0,0,0,0
2015,"20-49","RedMeat","Women",0,0,0,0,0.0292870653974655,0,0,0,0,0
2015,"20-49","Smoking","Men",0.401774409229263,0,0.160591273656345,0,0.081045134500807,0.192707737164337,0,0,0,0
2015,"20-49","Smoking","Women",0.373987864036476,0,0.187835534817227,0,0.0613768734872012,0.210717107766264,0,0,0,0
2015,"20-49","fibre_consumption_mean","Men",0,0,0,0,0,0,0,0,0,0
2015,"20-49","fibre_consumption_mean","Women",0,0,0,0,0,0,0,0,0,0
2015,"20-49","processed_meat_consumption_mean","Men",0,0,0,0,0,0,0,0,0,0
2015,"20-49","processed_meat_consumption_mean","Women",0,0,0,0,0,0,0,0,0,0
2015,"20-49","redmeat_consumption_mean","Men",0,0,0,0,0,0,0,0,0,0
2015,"20-49","redmeat_consumption_mean","Women",0,0,0,0,0,0,0,0,0,0
2016,"20-49","Alcohol","Men",0.347509798986838,0,0,0,0.0698331516416408,0.0746925667457658,0,0,0,0.108227271404735
2016,"20-49","Alcohol","Women",0.237693274835384,0,0,0,0.0374393756299974,0.0357929754506512,0,0,0,0.0716298131429681
2016,"20-49","BMI","Men",0,0,0.0438706369758582,0.0897917643179104,0.159891676897898,0.212413513843727,0.23173531180823,0.033524153782307,0.0862799354504263,0
2016,"20-49","BMI","Women",0,0.448499638292875,0.0440400175725777,0.191495737641333,0.14296478830462,0.201297537619882,0.252998845835614,0.024290412135991,0.0754145833840288,0
2016,"20-49","Fibre","Men",0,0,0,0,0.0604805117204971,0,0,0,0,0
2016,"20-49","Fibre","Women",0,0,0,0,0.0836847095808753,0,0,0,0,0
2016,"20-49","ProcessedMeat","Men",0,0,0,0,0.054753426978215,0,0,0,0,0
2016,"20-49","ProcessedMeat","Women",0,0,0,0,0.0282829258390189,0,0,0,0,0
2016,"20-49","RedMeat","Men",0,0,0,0,0.0450632269358708,0,0,0,0,0
2016,"20-49","RedMeat","Women",0,0,0,0,0.0281137134073999,0,0,0,0,0
2016,"20-49","Smoking","Men",0.411992083622515,0,0.16628134348044,0,0.0857004103854333,0.201540846930272,0,0,0,0
2016,"20-49","Smoking","Women",0.351477059888786,0,0.174401643308978,0,0.0592695925151045,0.200504793507799,0,0,0,0
2016,"20-49","fibre_consumption_mean","Men",0,0,0,0,0,0,0,0,0,0
2016,"20-49","fibre_consumption_mean","Women",0,0,0,0,0,0,0,0,0,0
2016,"20-49","processed_meat_consumption_mean","Men",0,0,0,0,0,0,0,0,0,0
2016,"20-49","processed_meat_consumption_mean","Women",0,0,0,0,0,0,0,0,0,0
2016,"20-49","redmeat_consumption_mean","Men",0,0,0,0,0,0,0,0,0,0
2016,"20-49","redmeat_consumption_mean","Women",0,0,0,0,0,0,0,0,0,0
2017,"20-49","Alcohol","Men",0.334226581249601,0,0,0,0.0657025188093499,0.0686039323192647,0,0,0,0.103936661799445
2017,"20-49","Alcohol","Women",0.226438375715279,0,0,0,0.0347073270544692,0.0324334006125283,0,0,0,0.0682523778915623
2017,"20-49","BMI","Men",0,0,0.0469521061875025,0.0957756305889073,0.16668007435389,0.222535794298004,0.240571398014015,0.0342568364732624,0.0901021482324728,0
2017,"20-49","BMI","Women",0,0.498658193871093,0.0554435011932502,0.219793073484756,0.164799333007738,0.236265648866579,0.287672651594313,0.0248575569267265,0.087275693122229,0
2017,"20-49","Fibre","Men",0,0,0,0,0.071763913464651,0,0,0,0,0
2017,"20-49","Fibre","Women",0,0,0,0,0.0838129761160964,0,0,0,0,0
2017,"20-49","ProcessedMeat","Men",0,0,0,0,0.0578862370280144,0,0,0,0,0
2017,"20-49","ProcessedMeat","Women",0,0,0,0,0.039742910345525,0,0,0,0,0
2017,"20-49","RedMeat","Men",0,0,0,0,0.0379988783202815,0,0,0,0,0
2017,"20-49","RedMeat","Women",0,0,0,0,0.0276804869119413,0,0,0,0,0
2017,"20-49","Smoking","Men",0.405584473577174,0,0.162584505983966,0,0.0844175524838385,0.198466753471697,0,0,0,0
2017,"20-49","Smoking","Women",0.346554195257846,0,0.171918379712273,0,0.0601139105370742,0.2005080625745,0,0,0,0
2017,"20-49","fibre_consumption_mean","Men",0,0,0,0,0,0,0,0,0,0
2017,"20-49","fibre_consumption_mean","Women",0,0,0,0,0,0,0,0,0,0
2017,"20-49","processed_meat_consumption_mean","Men",0,0,0,0,0,0,0,0,0,0
2017,"20-49","processed_meat_consumption_mean","Women",0,0,0,0,0,0,0,0,0,0
2017,"20-49","redmeat_consumption_mean","Men",0,0,0,0,0,0,0,0,0,0
2017,"20-49","redmeat_consumption_mean","Women",0,0,0,0,0,0,0,0,0,0
2018,"20-49","Alcohol","Men",0.349183667636347,0,0,0,0.0688422111539166,0.0765957214658509,0,0,0,0.107810718091366
2018,"20-49","Alcohol","Women",0.229402120284833,0,0,0,0.034300730425011,0.0348577133041078,0,0,0,0.0679598803134424
2018,"20-49","Fibre","Men",0,0,0,0,0.066124182210853,0,0,0,0,0
2018,"20-49","Fibre","Women",0,0,0,0,0.077258067246266,0,0,0,0,0
2018,"20-49","ProcessedMeat","Men",0,0,0,0,0.0539386047946922,0,0,0,0,0
2018,"20-49","ProcessedMeat","Women",0,0,0,0,0.0352970935226419,0,0,0,0,0
2018,"20-49","RedMeat","Men",0,0,0,0,0.032101884615252,0,0,0,0,0
2018,"20-49","RedMeat","Women",0,0,0,0,0.0235538539666922,0,0,0,0,0
2018,"20-49","Smoking","Men",0.399899736936202,0,0.159351610536615,0,0.0831917940913551,0.195612950739324,0,0,0,0
2018,"20-49","Smoking","Women",0.340479264020709,0,0.16764926719589,0,0.0570657902885805,0.193593140714789,0,0,0,0
2018,"20-49","fibre_consumption_mean","Men",0,0,0,0,0,0,0,0,0,0
2018,"20-49","fibre_consumption_mean","Women",0,0,0,0,0,0,0,0,0,0
2018,"20-49","processed_meat_consumption_mean","Men",0,0,0,0,0,0,0,0,0,0
2018,"20-49","processed_meat_consumption_mean","Women",0,0,0,0,0,0,0,0,0,0
2018,"20-49","redmeat_consumption_mean","Men",0,0,0,0,0,0,0,0,0,0
2018,"20-49","redmeat_consumption_mean","Women",0,0,0,0,0,0,0,0,0,0
2019,"20-49","Alcohol","Men",0.33329990882201,0,0,0,0.0657611851076862,0.0681728797166983,0,0,0,0.103705271698398
2019,"20-49","Alcohol","Women",0.230543247549193,0,0,0,0.0368065957176599,0.0336299514342306,0,0,0,0.0696696957516637
2019,"20-49","Smoking","Men",0.393833715234458,0,0.156235953018832,0,0.0777068970681253,0.186227374301831,0,0,0,0
2019,"20-49","Smoking","Women",0.334976329017996,0,0.163332696246234,0,0.0527554675869847,0.184608032476587,0,0,0,0
